id,first_name,last_name,email,country
1,Virginia,Gibson,vgibson0@so-net.ne.jp,Russia
2,Russell,Moore,rmoore1@chron.com,Hungary
3,Lisa,Wood,lwood2@gov.uk,Indonesia
4,Juan,Mendoza,jmendoza3@t.co,Morocco
5,Sandra,Sullivan,ssullivan4@wordpress.org,Philippines
6,Christopher,Hayes,chayes5@state.gov,Portugal
7,Juan,Burke,jburke6@spotify.com,Sweden
8,Gary,Castillo,gcastillo7@bing.com,Indonesia
9,Jimmy,Cunningham,jcunningham8@diigo.com,Mexico
10,Marilyn,Gilbert,mgilbert9@vinaora.com,Australia
11,Laura,Fox,lfoxa@simplemachines.org,Mongolia
12,John,Schmidt,jschmidtb@answers.com,China
13,Louise,Black,lblackc@icq.com,Poland
14,Robin,Phillips,rphillipsd@tumblr.com,Japan
15,Frances,Miller,fmillere@nationalgeographic.com,Russia
16,James,Harper,jharperf@e-recht24.de,Indonesia
17,Kathryn,Olson,kolsong@webmd.com,Russia
18,Gloria,Grant,ggranth@wikispaces.com,Colombia
19,Willie,Nguyen,wnguyeni@ftc.gov,China
20,Nicholas,Harris,nharrisj@oakley.com,Portugal
21,Virginia,Lopez,vlopezk@marketwatch.com,Poland
22,Edward,Rodriguez,erodriguezl@sciencedaily.com,Guatemala
23,Katherine,Chavez,kchavezm@fc2.com,Egypt
24,Aaron,Howard,ahowardn@bigcartel.com,Russia
25,Helen,Williamson,hwilliamsono@last.fm,Peru
26,Shawn,Olson,solsonp@weather.com,Portugal
27,Clarence,Washington,cwashingtonq@sciencedirect.com,Czech Republic
28,Steve,Watkins,swatkinsr@nba.com,United States
29,Bruce,Harper,bharpers@hc360.com,China
30,Nancy,Stevens,nstevenst@yellowpages.com,Indonesia
31,Kathleen,Fields,kfieldsu@fastcompany.com,China
32,Thomas,Rodriguez,trodriguezv@networkadvertising.org,El Salvador
33,Shawn,Walker,swalkerw@cafepress.com,Mexico
34,Ruth,Howard,rhowardx@cbslocal.com,China
35,Margaret,Griffin,mgriffiny@columbia.edu,Indonesia
36,Karen,Hunter,khunterz@hugedomains.com,Dominica
37,Frank,Scott,fscott10@wordpress.com,Honduras
38,Irene,Hall,ihall11@zimbio.com,United Arab Emirates
39,Marie,Howell,mhowell12@japanpost.jp,Brazil
40,Larry,Campbell,lcampbell13@github.com,Indonesia
41,Edward,Kim,ekim14@fc2.com,China
42,Donald,Morales,dmorales15@prlog.org,Vietnam
43,Judith,Banks,jbanks16@google.ca,Indonesia
44,Dorothy,Castillo,dcastillo17@engadget.com,Russia
45,Martin,Jackson,mjackson18@tamu.edu,Indonesia
46,Harold,Dean,hdean19@google.nl,Poland
47,Karen,Lynch,klynch1a@wiley.com,Russia
48,Daniel,Arnold,darnold1b@mlb.com,India
49,Anthony,Andrews,aandrews1c@chronoengine.com,Philippines
50,Patricia,Bailey,pbailey1d@disqus.com,Brazil
51,Evelyn,Harrison,eharrison1e@quantcast.com,Russia
52,Dorothy,Reid,dreid1f@google.ca,Ireland
53,Jane,Weaver,jweaver1g@symantec.com,Serbia
54,Harold,Schmidt,hschmidt1h@over-blog.com,Japan
55,Carlos,Baker,cbaker1i@tripadvisor.com,Russia
56,Gregory,Stevens,gstevens1j@redcross.org,Philippines
57,Kelly,Wheeler,kwheeler1k@sun.com,Indonesia
58,Jerry,Garza,jgarza1l@t-online.de,Peru
59,Aaron,Cunningham,acunningham1m@reddit.com,Haiti
60,Catherine,Rogers,crogers1n@ocn.ne.jp,Peru
61,Martha,Hunter,mhunter1o@newsvine.com,Indonesia
62,Randy,Ellis,rellis1p@umich.edu,China
63,Teresa,Bailey,tbailey1q@macromedia.com,China
64,Teresa,Arnold,tarnold1r@gravatar.com,Sweden
65,Jeremy,Parker,jparker1s@mozilla.org,Azerbaijan
66,Joyce,Henderson,jhenderson1t@columbia.edu,Malta
67,Diane,Powell,dpowell1u@bing.com,China
68,Gregory,Mcdonald,gmcdonald1v@weather.com,Iran
69,Tina,Owens,towens1w@netscape.com,Macedonia
70,Justin,Smith,jsmith1x@archive.org,China
71,Paul,Hawkins,phawkins1y@jugem.jp,Malaysia
72,Lois,Moore,lmoore1z@webs.com,China
73,Andrew,Lopez,alopez20@army.mil,China
74,Nicholas,Cole,ncole21@canalblog.com,Poland
75,Fred,Bishop,fbishop22@ocn.ne.jp,Pakistan
76,Phyllis,Clark,pclark23@huffingtonpost.com,Poland
77,Rose,Evans,revans24@parallels.com,Japan
78,Philip,Stephens,pstephens25@livejournal.com,Philippines
79,James,Dunn,jdunn26@cpanel.net,Philippines
80,Heather,Mills,hmills27@behance.net,Indonesia
81,Terry,Hill,thill28@biblegateway.com,Netherlands
82,Alan,Cole,acole29@nymag.com,Ukraine
83,Annie,Morgan,amorgan2a@ibm.com,Russia
84,Jose,Cook,jcook2b@wisc.edu,Indonesia
85,Cheryl,Wallace,cwallace2c@google.pl,Greece
86,Robin,Parker,rparker2d@amazon.com,China
87,Brian,Lee,blee2e@cdbaby.com,Honduras
88,Sandra,Robertson,srobertson2f@nbcnews.com,Chile
89,Janet,Reyes,jreyes2g@unblog.fr,Indonesia
90,Teresa,Walker,twalker2h@biglobe.ne.jp,Albania
91,Arthur,Torres,atorres2i@blinklist.com,Philippines
92,Ralph,Harrison,rharrison2j@booking.com,Brazil
93,Jacqueline,Vasquez,jvasquez2k@nsw.gov.au,Bolivia
94,Bobby,Long,blong2l@webeden.co.uk,Ireland
95,Andrea,Dunn,adunn2m@ucoz.com,Russia
96,Martin,Jackson,mjackson2n@dagondesign.com,Colombia
97,Samuel,Bishop,sbishop2o@skype.com,Macedonia
98,Marie,Scott,mscott2p@spotify.com,Sweden
99,Ashley,Walker,awalker2q@dyndns.org,Mongolia
100,Raymond,Marshall,rmarshall2r@nba.com,Russia
101,Theresa,Carter,tcarter2s@a8.net,China
102,Lois,Jones,ljones2t@who.int,Philippines
103,Bruce,Mcdonald,bmcdonald2u@quantcast.com,Poland
104,Diana,Armstrong,darmstrong2v@ocn.ne.jp,China
105,Mark,Gutierrez,mgutierrez2w@unc.edu,Indonesia
106,Rebecca,Hawkins,rhawkins2x@berkeley.edu,Vietnam
107,Phyllis,Cruz,pcruz2y@deliciousdays.com,Nicaragua
108,Cheryl,Ryan,cryan2z@sourceforge.net,Cameroon
109,Annie,Smith,asmith30@shutterfly.com,Moldova
110,Catherine,Larson,clarson31@com.com,Poland
111,Jesse,Mcdonald,jmcdonald32@indiegogo.com,Portugal
112,Benjamin,Mills,bmills33@opensource.org,United States
113,Judy,Ford,jford34@boston.com,Vietnam
114,Amy,Shaw,ashaw35@unesco.org,Indonesia
115,Samuel,Palmer,spalmer36@toplist.cz,Indonesia
116,Karen,Turner,kturner37@redcross.org,China
117,Kelly,Allen,kallen38@soup.io,South Africa
118,Kimberly,Perry,kperry39@jalbum.net,Portugal
119,Anna,Dixon,adixon3a@tinyurl.com,Japan
120,Ann,Hicks,ahicks3b@skyrock.com,Thailand
121,Anthony,Baker,abaker3c@theatlantic.com,China
122,Thomas,Alvarez,talvarez3d@hibu.com,China
123,Raymond,Wallace,rwallace3e@nifty.com,Albania
124,Nicholas,West,nwest3f@wordpress.com,Russia
125,Mildred,Carr,mcarr3g@forbes.com,Macedonia
126,Ann,Frazier,afrazier3h@intel.com,Czech Republic
127,Joe,Dunn,jdunn3i@merriam-webster.com,Japan
128,Stephanie,Gonzales,sgonzales3j@uol.com.br,Brazil
129,Jerry,Clark,jclark3k@google.com.br,Philippines
130,Todd,Cole,tcole3l@baidu.com,China
131,Gregory,Jones,gjones3m@a8.net,Indonesia
132,Terry,Ramos,tramos3n@storify.com,Portugal
133,Amanda,Garcia,agarcia3o@umich.edu,China
134,Peter,Tucker,ptucker3p@stanford.edu,Greece
135,Jane,Cox,jcox3q@zimbio.com,El Salvador
136,Robin,Foster,rfoster3r@behance.net,Morocco
137,Nancy,Perkins,nperkins3s@columbia.edu,Uganda
138,Donald,Simmons,dsimmons3t@soundcloud.com,China
139,Todd,Rose,trose3u@sbwire.com,Cuba
140,Debra,Morrison,dmorrison3v@exblog.jp,Russia
141,Julie,Perry,jperry3w@shutterfly.com,United States
142,Roger,Wood,rwood3x@indiegogo.com,Brazil
143,Harry,Ward,hward3y@google.cn,South Africa
144,Beverly,Lawson,blawson3z@yahoo.co.jp,China
145,Karen,Reed,kreed40@slate.com,Colombia
146,Gary,Lawson,glawson41@tamu.edu,China
147,Adam,Olson,aolson42@soundcloud.com,Colombia
148,Christine,Rice,crice43@woothemes.com,Nepal
149,Ruth,Grant,rgrant44@aol.com,Ukraine
150,Janet,Gonzales,jgonzales45@wp.com,China
151,Gregory,Lopez,glopez46@posterous.com,Brazil
152,Eric,Knight,eknight47@eventbrite.com,Peru
153,Frank,Kennedy,fkennedy48@nymag.com,Sweden
154,Samuel,Patterson,spatterson49@jugem.jp,Indonesia
155,Philip,Black,pblack4a@usgs.gov,South Africa
156,Alice,Adams,aadams4b@kickstarter.com,Sweden
157,Victor,Ortiz,vortiz4c@is.gd,United States
158,Judy,Clark,jclark4d@harvard.edu,Indonesia
159,Justin,Stevens,jstevens4e@reference.com,Mongolia
160,Carl,Montgomery,cmontgomery4f@uiuc.edu,Brazil
161,Bruce,Morgan,bmorgan4g@yelp.com,China
162,Dennis,Taylor,dtaylor4h@trellian.com,Indonesia
163,Donald,Jenkins,djenkins4i@wikimedia.org,Dominican Republic
164,Sara,Wallace,swallace4j@oaic.gov.au,China
165,Ryan,Rogers,rrogers4k@hostgator.com,Botswana
166,Johnny,Grant,jgrant4l@chron.com,Philippines
167,Brenda,Coleman,bcoleman4m@google.es,China
168,Theresa,Frazier,tfrazier4n@noaa.gov,United States
169,Johnny,Howard,jhoward4o@imdb.com,Poland
170,Stephanie,Collins,scollins4p@virginia.edu,Indonesia
171,Norma,Cook,ncook4q@dailymail.co.uk,Indonesia
172,Bonnie,Reed,breed4r@redcross.org,China
173,Sandra,Hall,shall4s@arizona.edu,Estonia
174,Evelyn,Hudson,ehudson4t@si.edu,Uganda
175,Fred,Simpson,fsimpson4u@livejournal.com,Portugal
176,Barbara,Harris,bharris4v@amazon.de,Indonesia
177,Anne,White,awhite4w@hubpages.com,Portugal
178,Barbara,Lopez,blopez4x@chicagotribune.com,Greece
179,Janet,Gardner,jgardner4y@prlog.org,Philippines
180,Lawrence,Ferguson,lferguson4z@behance.net,Portugal
181,Deborah,Freeman,dfreeman50@istockphoto.com,Finland
182,Kathy,Ford,kford51@house.gov,Philippines
183,Scott,Barnes,sbarnes52@imdb.com,Thailand
184,Charles,Gordon,cgordon53@webmd.com,Indonesia
185,Randy,Romero,rromero54@google.it,Iran
186,Jacqueline,Harris,jharris55@cam.ac.uk,Croatia
187,Ryan,Vasquez,rvasquez56@miitbeian.gov.cn,China
188,Michelle,Baker,mbaker57@imdb.com,China
189,Fred,Matthews,fmatthews58@pen.io,China
190,Jane,Harvey,jharvey59@over-blog.com,China
191,Patricia,Kim,pkim5a@i2i.jp,Peru
192,Scott,Miller,smiller5b@shareasale.com,Greece
193,Sandra,King,sking5c@desdev.cn,Indonesia
194,Robin,Moreno,rmoreno5d@guardian.co.uk,Indonesia
195,Jack,Olson,jolson5e@spotify.com,Czech Republic
196,Brian,Reed,breed5f@list-manage.com,Greece
197,Gregory,Lopez,glopez5g@nytimes.com,China
198,Cynthia,Cruz,ccruz5h@delicious.com,Philippines
199,Andrew,Henderson,ahenderson5i@phoca.cz,Zambia
200,Tammy,Austin,taustin5j@cisco.com,Mexico
201,Brian,Fields,bfields5k@51.la,Philippines
202,Sean,George,sgeorge5l@goo.gl,Cape Verde
203,Terry,Jenkins,tjenkins5m@oakley.com,Poland
204,Edward,Hamilton,ehamilton5n@cyberchimps.com,China
205,Bonnie,Adams,badams5o@about.com,Philippines
206,Kathy,Baker,kbaker5p@nih.gov,Russia
207,Ann,Bowman,abowman5q@istockphoto.com,Canada
208,Angela,Griffin,agriffin5r@npr.org,Indonesia
209,Eugene,Patterson,epatterson5s@rambler.ru,Luxembourg
210,Janet,Davis,jdavis5t@youtube.com,Indonesia
211,Mildred,Reid,mreid5u@dyndns.org,Oman
212,Betty,Wood,bwood5v@diigo.com,Dominican Republic
213,Willie,Larson,wlarson5w@ibm.com,Portugal
214,Walter,Owens,wowens5x@nih.gov,Colombia
215,Randy,Medina,rmedina5y@sun.com,China
216,Victor,Reed,vreed5z@ehow.com,Sweden
217,Carl,Payne,cpayne60@addtoany.com,China
218,Jean,Warren,jwarren61@ca.gov,Philippines
219,Phyllis,Pierce,ppierce62@army.mil,Cuba
220,Jeremy,Cole,jcole63@weather.com,Russia
221,Roy,Hart,rhart64@printfriendly.com,Brazil
222,Billy,Davis,bdavis65@jigsy.com,Philippines
223,Shawn,Hart,shart66@adobe.com,Brazil
224,Christina,Evans,cevans67@businessweek.com,Brazil
225,Brandon,Sims,bsims68@flickr.com,Myanmar
226,Joan,Carpenter,jcarpenter69@com.com,Indonesia
227,Kimberly,Johnson,kjohnson6a@mail.ru,Greece
228,Jessica,Stanley,jstanley6b@purevolume.com,Argentina
229,Jimmy,Fields,jfields6c@bloglovin.com,Croatia
230,Robin,Turner,rturner6d@ameblo.jp,Iran
231,Annie,Anderson,aanderson6e@i2i.jp,Honduras
232,Billy,Foster,bfoster6f@economist.com,Russia
233,Phillip,Bradley,pbradley6g@bbc.co.uk,North Korea
234,Ernest,Peterson,epeterson6h@blinklist.com,Syria
235,Irene,Harper,iharper6i@ft.com,China
236,Brian,Shaw,bshaw6j@unc.edu,Brazil
237,Deborah,Fields,dfields6k@netlog.com,China
238,Raymond,Cole,rcole6l@tinyurl.com,Bangladesh
239,Adam,Franklin,afranklin6m@sfgate.com,Brazil
240,Louise,Clark,lclark6n@fastcompany.com,Sweden
241,Robert,Romero,rromero6o@paginegialle.it,Sweden
242,Katherine,Bailey,kbailey6p@earthlink.net,Argentina
243,Michael,Watson,mwatson6q@usatoday.com,China
244,Anne,Carter,acarter6r@salon.com,Indonesia
245,Willie,Oliver,woliver6s@typepad.com,Russia
246,Matthew,Hughes,mhughes6t@eventbrite.com,China
247,Arthur,Collins,acollins6u@oaic.gov.au,Poland
248,Scott,Hudson,shudson6v@soundcloud.com,Russia
249,Joseph,Sanders,jsanders6w@cloudflare.com,Tanzania
250,Scott,Fields,sfields6x@facebook.com,Russia
251,Antonio,Lewis,alewis6y@psu.edu,China
252,Margaret,Franklin,mfranklin6z@smh.com.au,China
253,Lois,Gomez,lgomez70@washingtonpost.com,Colombia
254,Arthur,Moreno,amoreno71@hibu.com,Dominican Republic
255,Todd,Moreno,tmoreno72@about.me,China
256,Susan,Henderson,shenderson73@europa.eu,France
257,Albert,Riley,ariley74@quantcast.com,Philippines
258,Harold,Bowman,hbowman75@ucsd.edu,Honduras
259,Howard,Mills,hmills76@house.gov,China
260,Patricia,Carr,pcarr77@wordpress.org,China
261,Fred,Morales,fmorales78@addthis.com,Russia
262,Carolyn,Simpson,csimpson79@blogspot.com,Mauritius
263,Gloria,Stone,gstone7a@comsenz.com,Syria
264,Rebecca,Richardson,rrichardson7b@shutterfly.com,Russia
265,Steve,Murphy,smurphy7c@prlog.org,Russia
266,Samuel,Wright,swright7d@ted.com,United States
267,Susan,Montgomery,smontgomery7e@stumbleupon.com,Slovenia
268,Joshua,Gonzalez,jgonzalez7f@marriott.com,Czech Republic
269,Stephanie,Welch,swelch7g@jugem.jp,Russia
270,Albert,Robinson,arobinson7h@diigo.com,Dominican Republic
271,Terry,Williams,twilliams7i@t-online.de,Russia
272,Clarence,Gonzalez,cgonzalez7j@linkedin.com,Brazil
273,Linda,Fisher,lfisher7k@fc2.com,France
274,Stephen,Edwards,sedwards7l@chicagotribune.com,Russia
275,Kenneth,Gardner,kgardner7m@xrea.com,Indonesia
276,Martin,Carter,mcarter7n@uol.com.br,China
277,Jason,Day,jday7o@japanpost.jp,Philippines
278,Stephen,Walker,swalker7p@angelfire.com,Philippines
279,Gerald,Matthews,gmatthews7q@samsung.com,Czech Republic
280,John,Austin,jaustin7r@house.gov,Vietnam
281,Jonathan,Mcdonald,jmcdonald7s@theatlantic.com,Vietnam
282,Michael,Bowman,mbowman7t@simplemachines.org,Poland
283,Martha,Harris,mharris7u@cargocollective.com,United States
284,Pamela,Vasquez,pvasquez7v@jiathis.com,China
285,Roy,Jones,rjones7w@intel.com,Netherlands
286,Russell,Morrison,rmorrison7x@pen.io,South Africa
287,Martha,Diaz,mdiaz7y@creativecommons.org,China
288,Diana,Reyes,dreyes7z@independent.co.uk,Brazil
289,Jason,Cox,jcox80@fotki.com,Paraguay
290,Sean,Morales,smorales81@opera.com,Philippines
291,Anne,Flores,aflores82@spiegel.de,Poland
292,Joyce,Gonzales,jgonzales83@shareasale.com,Poland
293,Michael,Robinson,mrobinson84@marriott.com,Indonesia
294,Paul,Sims,psims85@harvard.edu,Philippines
295,Larry,Carroll,lcarroll86@ftc.gov,Indonesia
296,Roy,Henry,rhenry87@google.de,Indonesia
297,Steve,Olson,solson88@ow.ly,Tajikistan
298,Christopher,Dixon,cdixon89@usgs.gov,Indonesia
299,Patrick,Kelley,pkelley8a@accuweather.com,Thailand
300,Scott,Watson,swatson8b@bbb.org,Russia
301,Katherine,Fowler,kfowler8c@chron.com,Brazil
302,Cheryl,Morales,cmorales8d@zimbio.com,Brazil
303,Richard,Johnson,rjohnson8e@pen.io,Tunisia
304,Rebecca,Black,rblack8f@fc2.com,Indonesia
305,Mildred,Palmer,mpalmer8g@ustream.tv,Thailand
306,Joyce,Palmer,jpalmer8h@devhub.com,Namibia
307,Jessica,Ruiz,jruiz8i@cmu.edu,Indonesia
308,Johnny,George,jgeorge8j@blogspot.com,Indonesia
309,Johnny,Hill,jhill8k@merriam-webster.com,Japan
310,Kelly,Burke,kburke8l@com.com,Sweden
311,Ryan,Taylor,rtaylor8m@xrea.com,China
312,Nicholas,Brooks,nbrooks8n@un.org,Argentina
313,Craig,Gardner,cgardner8o@ucoz.com,Indonesia
314,Peter,Coleman,pcoleman8p@prweb.com,Mexico
315,Emily,Kelly,ekelly8q@ucsd.edu,Paraguay
316,Anne,Smith,asmith8r@constantcontact.com,Colombia
317,Bobby,Graham,bgraham8s@icq.com,China
318,Steve,Freeman,sfreeman8t@earthlink.net,Portugal
319,Ashley,Myers,amyers8u@princeton.edu,Uzbekistan
320,Jesse,Day,jday8v@gmpg.org,Brazil
321,Tammy,Moore,tmoore8w@examiner.com,Argentina
322,Kelly,Garza,kgarza8x@huffingtonpost.com,Indonesia
323,Joshua,Crawford,jcrawford8y@typepad.com,China
324,Deborah,Roberts,droberts8z@storify.com,Philippines
325,Adam,Moore,amoore90@webs.com,Russia
326,Laura,Graham,lgraham91@livejournal.com,Iraq
327,Jessica,Fisher,jfisher92@comsenz.com,Portugal
328,Sarah,Russell,srussell93@cdc.gov,Russia
329,Craig,Crawford,ccrawford94@about.com,China
330,Albert,Fox,afox95@nature.com,China
331,Samuel,Alvarez,salvarez96@netlog.com,Russia
332,Gary,Jones,gjones97@devhub.com,Greece
333,Todd,Washington,twashington98@shareasale.com,Indonesia
334,Laura,Jackson,ljackson99@harvard.edu,Kazakhstan
335,Billy,Phillips,bphillips9a@reference.com,Belarus
336,Jennifer,Bradley,jbradley9b@wisc.edu,Indonesia
337,Lois,Rose,lrose9c@dagondesign.com,Mexico
338,Douglas,Reid,dreid9d@sakura.ne.jp,Sweden
339,Jack,Olson,jolson9e@cpanel.net,Philippines
340,Dorothy,Meyer,dmeyer9f@comcast.net,China
341,Paul,Rice,price9g@huffingtonpost.com,China
342,Kathleen,Wells,kwells9h@scientificamerican.com,Brazil
343,Timothy,Fernandez,tfernandez9i@salon.com,Philippines
344,William,Walker,wwalker9j@sciencedaily.com,China
345,Julie,Long,jlong9k@reverbnation.com,China
346,Cheryl,Walker,cwalker9l@cam.ac.uk,Russia
347,Craig,Arnold,carnold9m@usatoday.com,China
348,Sara,Garrett,sgarrett9n@weibo.com,Philippines
349,Susan,Fox,sfox9o@sina.com.cn,Ukraine
350,Doris,Kelly,dkelly9p@usa.gov,Indonesia
351,Joshua,Russell,jrussell9q@cargocollective.com,China
352,Ernest,Wright,ewright9r@bloglovin.com,Japan
353,Janice,Gray,jgray9s@smugmug.com,Czech Republic
354,Joan,Robertson,jrobertson9t@webeden.co.uk,Indonesia
355,Martha,Frazier,mfrazier9u@taobao.com,Poland
356,Frances,Hamilton,fhamilton9v@cbc.ca,China
357,Steve,Williamson,swilliamson9w@stumbleupon.com,Peru
358,Albert,Mccoy,amccoy9x@time.com,Namibia
359,Harry,Gilbert,hgilbert9y@ed.gov,Indonesia
360,Daniel,Smith,dsmith9z@walmart.com,Peru
361,Fred,Mcdonald,fmcdonalda0@soup.io,Russia
362,Helen,Harris,hharrisa1@rediff.com,Russia
363,Jesse,Burke,jburkea2@pcworld.com,China
364,Peter,Gomez,pgomeza3@patch.com,Macedonia
365,Paula,Palmer,ppalmera4@163.com,Czech Republic
366,Kevin,Johnston,kjohnstona5@wired.com,Canada
367,Dorothy,Holmes,dholmesa6@nationalgeographic.com,Poland
368,Betty,Burke,bburkea7@archive.org,Kazakhstan
369,Norma,Larson,nlarsona8@businessweek.com,Indonesia
370,Sharon,Simmons,ssimmonsa9@gov.uk,Indonesia
371,Jesse,Fields,jfieldsaa@sphinn.com,Philippines
372,Doris,Ryan,dryanab@posterous.com,Uganda
373,Marilyn,Black,mblackac@github.io,Estonia
374,Carolyn,Miller,cmillerad@last.fm,Syria
375,Cynthia,Lane,claneae@canalblog.com,China
376,Julia,Moreno,jmorenoaf@wikia.com,Laos
377,Gerald,Harrison,gharrisonag@facebook.com,Brazil
378,Chris,West,cwestah@mysql.com,Russia
379,Jean,Brooks,jbrooksai@canalblog.com,Indonesia
380,Aaron,Murray,amurrayaj@admin.ch,Argentina
381,Debra,Garcia,dgarciaak@hexun.com,Brazil
382,Betty,Rogers,brogersal@mashable.com,Philippines
383,Barbara,Gomez,bgomezam@jimdo.com,Japan
384,Ann,Gardner,agardneran@digg.com,Kiribati
385,Melissa,Sanders,msandersao@engadget.com,Ireland
386,Tammy,Burns,tburnsap@constantcontact.com,Indonesia
387,Jonathan,Washington,jwashingtonaq@prlog.org,China
388,Ryan,Roberts,rrobertsar@jiathis.com,France
389,Albert,Ellis,aellisas@marriott.com,China
390,Adam,Andrews,aandrewsat@mit.edu,Indonesia
391,Teresa,Tucker,ttuckerau@tiny.cc,Argentina
392,Margaret,Robertson,mrobertsonav@biglobe.ne.jp,Colombia
393,James,Adams,jadamsaw@e-recht24.de,Russia
394,Clarence,Robertson,crobertsonax@webnode.com,Netherlands
395,Jimmy,Morgan,jmorganay@cargocollective.com,Russia
396,Steven,Burton,sburtonaz@china.com.cn,Indonesia
397,Bruce,Alexander,balexanderb0@nhs.uk,Sweden
398,Melissa,Burke,mburkeb1@ed.gov,Indonesia
399,Kimberly,Riley,krileyb2@slideshare.net,Cuba
400,Russell,Perez,rperezb3@examiner.com,Russia
401,Martin,Burke,mburkeb4@chicagotribune.com,Peru
402,Julia,Alexander,jalexanderb5@dedecms.com,Colombia
403,Kelly,James,kjamesb6@nifty.com,Ecuador
404,Adam,Ortiz,aortizb7@opera.com,China
405,Nicole,Burke,nburkeb8@loc.gov,Saudi Arabia
406,Juan,Gutierrez,jgutierrezb9@friendfeed.com,Pakistan
407,Carl,Burton,cburtonba@wisc.edu,Cuba
408,Lawrence,Gordon,lgordonbb@exblog.jp,Mongolia
409,Louise,Berry,lberrybc@google.de,Philippines
410,Steven,Morales,smoralesbd@wikia.com,Peru
411,Catherine,Gibson,cgibsonbe@geocities.com,Sweden
412,Albert,Torres,atorresbf@delicious.com,Syria
413,Joseph,Chapman,jchapmanbg@odnoklassniki.ru,Philippines
414,Carlos,Harrison,charrisonbh@cocolog-nifty.com,Sweden
415,Michelle,Dixon,mdixonbi@imgur.com,United States
416,Elizabeth,Long,elongbj@wikimedia.org,Russia
417,Ann,Cunningham,acunninghambk@ehow.com,Turkmenistan
418,Joseph,Davis,jdavisbl@ocn.ne.jp,Brazil
419,Lillian,Young,lyoungbm@upenn.edu,Ukraine
420,Paula,Morrison,pmorrisonbn@exblog.jp,Indonesia
421,Joan,Washington,jwashingtonbo@prweb.com,Sweden
422,Marie,Martin,mmartinbp@mapquest.com,New Caledonia
423,Martin,Perkins,mperkinsbq@qq.com,Russia
424,Ruby,Griffin,rgriffinbr@linkedin.com,Yemen
425,Emily,Ramirez,eramirezbs@google.de,Philippines
426,Diana,Little,dlittlebt@prweb.com,United States
427,Michelle,Lee,mleebu@hatena.ne.jp,Argentina
428,Sharon,Henderson,shendersonbv@etsy.com,China
429,Rachel,Greene,rgreenebw@wiley.com,Ukraine
430,Diane,Alvarez,dalvarezbx@npr.org,Philippines
431,Nancy,Moore,nmooreby@sfgate.com,Indonesia
432,Rebecca,Hart,rhartbz@ask.com,Sweden
433,Lois,Howell,lhowellc0@wufoo.com,Sweden
434,Gregory,Simpson,gsimpsonc1@unc.edu,Portugal
435,Eugene,Rose,erosec2@zdnet.com,United States
436,Shirley,Banks,sbanksc3@howstuffworks.com,China
437,Gregory,Crawford,gcrawfordc4@yahoo.co.jp,Brazil
438,Adam,Davis,adavisc5@sbwire.com,Japan
439,Beverly,Riley,brileyc6@bizjournals.com,Brazil
440,Louis,Smith,lsmithc7@yellowpages.com,China
441,Justin,Sanders,jsandersc8@nifty.com,China
442,Alan,Owens,aowensc9@mac.com,Portugal
443,Christopher,Gray,cgrayca@java.com,Philippines
444,James,Perez,jperezcb@google.com,Peru
445,Benjamin,Berry,bberrycc@de.vu,Indonesia
446,Marie,Morrison,mmorrisoncd@ycombinator.com,China
447,Chris,George,cgeorgece@de.vu,Portugal
448,Terry,Dean,tdeancf@bloomberg.com,China
449,Lois,Wilson,lwilsoncg@ftc.gov,China
450,Billy,Sullivan,bsullivanch@shinystat.com,Canada
451,Gerald,Bryant,gbryantci@constantcontact.com,Poland
452,Denise,Mason,dmasoncj@dropbox.com,Guatemala
453,Gerald,Barnes,gbarnesck@behance.net,Indonesia
454,Joyce,Burton,jburtoncl@linkedin.com,China
455,Tina,West,twestcm@tinypic.com,United States
456,Todd,Perez,tperezcn@nymag.com,Israel
457,Lillian,Hayes,lhayesco@instagram.com,Chile
458,Deborah,Garrett,dgarrettcp@hc360.com,China
459,Benjamin,Evans,bevanscq@storify.com,China
460,Evelyn,Chapman,echapmancr@ezinearticles.com,China
461,Albert,Garcia,agarciacs@nhs.uk,Indonesia
462,Judith,Oliver,joliverct@reference.com,Guatemala
463,Kathryn,Myers,kmyerscu@nature.com,China
464,Doris,Cook,dcookcv@artisteer.com,China
465,Patricia,Pierce,ppiercecw@geocities.com,Germany
466,Arthur,Reyes,areyescx@scientificamerican.com,Czech Republic
467,Wayne,Hunt,whuntcy@opensource.org,China
468,George,Duncan,gduncancz@fema.gov,Indonesia
469,Carl,Ellis,cellisd0@exblog.jp,Thailand
470,Amy,Flores,afloresd1@blogger.com,Philippines
471,Cynthia,Brown,cbrownd2@uol.com.br,Kazakhstan
472,Terry,Hansen,thansend3@ameblo.jp,Russia
473,Ronald,Washington,rwashingtond4@yolasite.com,Colombia
474,Gloria,Henry,ghenryd5@sciencedaily.com,Philippines
475,Nancy,Vasquez,nvasquezd6@fda.gov,Mexico
476,Judy,Reyes,jreyesd7@shutterfly.com,Brazil
477,Jimmy,Miller,jmillerd8@delicious.com,Venezuela
478,Henry,Watson,hwatsond9@smh.com.au,Poland
479,Jonathan,Riley,jrileyda@samsung.com,Honduras
480,Phyllis,Howard,phowarddb@wikispaces.com,Russia
481,Martha,Washington,mwashingtondc@chicagotribune.com,China
482,Sarah,Bowman,sbowmandd@list-manage.com,Germany
483,Brian,Ramos,bramosde@epa.gov,Pakistan
484,Justin,Howard,jhowarddf@e-recht24.de,South Africa
485,Janice,Hudson,jhudsondg@umich.edu,Brazil
486,Jack,Henry,jhenrydh@miitbeian.gov.cn,Greece
487,Wayne,Frazier,wfrazierdi@ox.ac.uk,Finland
488,Matthew,Lewis,mlewisdj@nationalgeographic.com,Bulgaria
489,Lawrence,Butler,lbutlerdk@wordpress.org,Dominican Republic
490,Joseph,Alvarez,jalvarezdl@liveinternet.ru,Ireland
491,Sarah,Nichols,snicholsdm@usatoday.com,Finland
492,Jacqueline,Ramos,jramosdn@ed.gov,Argentina
493,Mildred,Johnston,mjohnstondo@pinterest.com,Ukraine
494,Jesse,Harris,jharrisdp@webnode.com,Thailand
495,Alice,Myers,amyersdq@jalbum.net,China
496,Louis,Williams,lwilliamsdr@zdnet.com,Ireland
497,Robin,Parker,rparkerds@sphinn.com,China
498,Adam,Ellis,aellisdt@google.com.br,France
499,Arthur,Meyer,ameyerdu@scientificamerican.com,Ukraine
500,Gregory,Mendoza,gmendozadv@wikispaces.com,Poland
501,Walter,Fox,wfoxdw@plala.or.jp,China
502,Adam,Snyder,asnyderdx@youtu.be,United States
503,Steven,Jones,sjonesdy@ft.com,Vietnam
504,Alan,Lane,alanedz@dell.com,Azerbaijan
505,Paula,Miller,pmillere0@imageshack.us,Brazil
506,Chris,Fuller,cfullere1@mysql.com,Uganda
507,Arthur,Berry,aberrye2@google.ca,Russia
508,Michael,Lynch,mlynche3@ehow.com,Czech Republic
509,Evelyn,Miller,emillere4@ucoz.com,Czech Republic
510,Anne,Medina,amedinae5@yolasite.com,Indonesia
511,Joan,Grant,jgrante6@nih.gov,United States
512,Lori,Jenkins,ljenkinse7@webs.com,Taiwan
513,Julie,Martinez,jmartineze8@com.com,China
514,Rose,Robinson,rrobinsone9@nydailynews.com,Czech Republic
515,Thomas,Weaver,tweaverea@ucoz.com,Peru
516,Jane,King,jkingeb@archive.org,Peru
517,Bobby,Sullivan,bsullivanec@salon.com,Czech Republic
518,Timothy,Kelley,tkelleyed@telegraph.co.uk,Indonesia
519,Ann,Hernandez,ahernandezee@usatoday.com,Russia
520,Virginia,Jones,vjonesef@posterous.com,Czech Republic
521,Henry,Riley,hrileyeg@symantec.com,Russia
522,Raymond,Hudson,rhudsoneh@techcrunch.com,Poland
523,Kelly,Richards,krichardsei@prnewswire.com,Indonesia
524,Anna,Hayes,ahayesej@virginia.edu,China
525,Benjamin,Gray,bgrayek@nydailynews.com,France
526,Gary,Olson,golsonel@theguardian.com,Senegal
527,Scott,Peters,spetersem@devhub.com,Sweden
528,Christopher,Olson,colsonen@vimeo.com,Sweden
529,Fred,Robinson,frobinsoneo@yale.edu,Peru
530,Ashley,Tucker,atuckerep@weebly.com,Burkina Faso
531,Sean,Coleman,scolemaneq@godaddy.com,Brazil
532,Christine,Murphy,cmurphyer@freewebs.com,China
533,Lisa,Simpson,lsimpsones@printfriendly.com,China
534,Catherine,Knight,cknightet@indiatimes.com,Philippines
535,Elizabeth,Castillo,ecastilloeu@blog.com,Philippines
536,Susan,Gomez,sgomezev@pagesperso-orange.fr,China
537,Cheryl,Hawkins,chawkinsew@phoca.cz,Gambia
538,Larry,Mcdonald,lmcdonaldex@soup.io,Nigeria
539,Louise,Stewart,lstewartey@engadget.com,Netherlands
540,Maria,Bell,mbellez@canalblog.com,Russia
541,Betty,Martinez,bmartinezf0@uol.com.br,Brazil
542,Stephen,Ramirez,sramirezf1@123-reg.co.uk,United States
543,Joshua,Bishop,jbishopf2@princeton.edu,Brazil
544,Michelle,Mcdonald,mmcdonaldf3@yellowpages.com,Senegal
545,Jason,Nelson,jnelsonf4@barnesandnoble.com,Indonesia
546,Shawn,Lawson,slawsonf5@taobao.com,Philippines
547,Gloria,Gutierrez,ggutierrezf6@deliciousdays.com,United States
548,Mary,Palmer,mpalmerf7@mozilla.org,China
549,Theresa,Fisher,tfisherf8@de.vu,China
550,Andrew,Willis,awillisf9@tripadvisor.com,Germany
551,Jessica,Oliver,joliverfa@scientificamerican.com,China
552,Karen,Jenkins,kjenkinsfb@usa.gov,Rwanda
553,Antonio,Perry,aperryfc@devhub.com,Tunisia
554,Louis,Marshall,lmarshallfd@gmpg.org,Thailand
555,Jennifer,Murray,jmurrayfe@usatoday.com,China
556,Daniel,Torres,dtorresff@webmd.com,Portugal
557,Melissa,Reid,mreidfg@simplemachines.org,Poland
558,Karen,Kim,kkimfh@ft.com,Russia
559,Jane,Miller,jmillerfi@smugmug.com,Botswana
560,Raymond,Wood,rwoodfj@cbsnews.com,Reunion
561,Eric,Gray,egrayfk@blog.com,Indonesia
562,Jesse,Price,jpricefl@phoca.cz,Armenia
563,Tina,Franklin,tfranklinfm@shutterfly.com,China
564,Cynthia,Torres,ctorresfn@mit.edu,Poland
565,Judith,Sanchez,jsanchezfo@google.it,China
566,Julie,Ford,jfordfp@godaddy.com,Mexico
567,Marie,Jenkins,mjenkinsfq@sbwire.com,China
568,Tina,Murray,tmurrayfr@java.com,Uruguay
569,Steve,Mitchell,smitchellfs@msu.edu,Indonesia
570,Julie,Bailey,jbaileyft@google.com,United States
571,Craig,Collins,ccollinsfu@boston.com,Panama
572,Jessica,Andrews,jandrewsfv@shareasale.com,Venezuela
573,Jeffrey,Porter,jporterfw@plala.or.jp,China
574,Kathleen,Richardson,krichardsonfx@businesswire.com,Greece
575,Amanda,Simpson,asimpsonfy@technorati.com,Brazil
576,David,Williamson,dwilliamsonfz@posterous.com,Macedonia
577,Aaron,Armstrong,aarmstrongg0@un.org,China
578,Stephen,Ruiz,sruizg1@e-recht24.de,China
579,Wayne,Cox,wcoxg2@canalblog.com,Russia
580,Henry,Webb,hwebbg3@skype.com,Brazil
581,Melissa,Patterson,mpattersong4@dedecms.com,Portugal
582,Beverly,White,bwhiteg5@squarespace.com,Sweden
583,Randy,Grant,rgrantg6@sakura.ne.jp,Mexico
584,Julie,Fernandez,jfernandezg7@seattletimes.com,Russia
585,Jessica,Sanders,jsandersg8@mashable.com,Nigeria
586,Kevin,Gardner,kgardnerg9@weebly.com,Japan
587,Jimmy,Smith,jsmithga@msu.edu,Philippines
588,Justin,Diaz,jdiazgb@123-reg.co.uk,Philippines
589,Martin,Johnson,mjohnsongc@dailymotion.com,Thailand
590,Jennifer,Daniels,jdanielsgd@pinterest.com,China
591,Kelly,Williams,kwilliamsge@google.ru,Brazil
592,Thomas,Hughes,thughesgf@homestead.com,Portugal
593,Diane,Walker,dwalkergg@google.pl,China
594,Samuel,Butler,sbutlergh@baidu.com,China
595,Cheryl,Ruiz,cruizgi@studiopress.com,Burundi
596,Fred,Long,flonggj@ustream.tv,Ukraine
597,Brenda,Griffin,bgriffingk@paypal.com,Nigeria
598,Sharon,Wheeler,swheelergl@abc.net.au,Yemen
599,Anthony,Thomas,athomasgm@cdbaby.com,China
600,George,Garcia,ggarciagn@cmu.edu,Philippines
601,Donald,Fuller,dfullergo@merriam-webster.com,South Korea
602,Janice,Hart,jhartgp@craigslist.org,Brazil
603,Norma,Gilbert,ngilbertgq@themeforest.net,Russia
604,Jessica,Romero,jromerogr@whitehouse.gov,Japan
605,Jean,Fuller,jfullergs@ebay.com,United States
606,Steve,Johnston,sjohnstongt@shareasale.com,United States
607,Harry,Gonzalez,hgonzalezgu@cdc.gov,Portugal
608,Beverly,Owens,bowensgv@amazon.de,Netherlands
609,Roger,Hawkins,rhawkinsgw@nhs.uk,Indonesia
610,Christina,Davis,cdavisgx@goo.gl,Philippines
611,Margaret,Frazier,mfraziergy@apache.org,China
612,Kathy,Williams,kwilliamsgz@vistaprint.com,Switzerland
613,Albert,Schmidt,aschmidth0@amazon.co.jp,China
614,Judy,Howard,jhowardh1@home.pl,Indonesia
615,Donna,Murphy,dmurphyh2@earthlink.net,Indonesia
616,Randy,Bishop,rbishoph3@printfriendly.com,Kosovo
617,Patricia,Martin,pmartinh4@reverbnation.com,Indonesia
618,Marilyn,Wallace,mwallaceh5@hhs.gov,Colombia
619,Daniel,Berry,dberryh6@skype.com,China
620,Donna,Green,dgreenh7@people.com.cn,China
621,Earl,Lawson,elawsonh8@t.co,Russia
622,Karen,Woods,kwoodsh9@redcross.org,Philippines
623,Billy,Chapman,bchapmanha@e-recht24.de,Brazil
624,Doris,Hansen,dhansenhb@illinois.edu,Russia
625,Fred,Brown,fbrownhc@icio.us,Uruguay
626,Jessica,Bishop,jbishophd@ca.gov,Bosnia and Herzegovina
627,Harry,Black,hblackhe@printfriendly.com,China
628,Aaron,Kelley,akelleyhf@netvibes.com,South Africa
629,Janet,Ryan,jryanhg@studiopress.com,Indonesia
630,Jacqueline,Garcia,jgarciahh@statcounter.com,Philippines
631,Michael,Hart,mharthi@eventbrite.com,Philippines
632,Todd,Wells,twellshj@webmd.com,Indonesia
633,Donna,Montgomery,dmontgomeryhk@newsvine.com,Mexico
634,Shirley,Wilson,swilsonhl@epa.gov,Syria
635,Marie,Williamson,mwilliamsonhm@deliciousdays.com,China
636,Daniel,Carter,dcarterhn@globo.com,Poland
637,Kenneth,Lewis,klewisho@shop-pro.jp,China
638,Brandon,Thomas,bthomashp@parallels.com,Vietnam
639,Julia,Coleman,jcolemanhq@mediafire.com,Brazil
640,Harold,Wright,hwrighthr@blogs.com,Poland
641,Clarence,Knight,cknighths@vinaora.com,Peru
642,Eric,Griffin,egriffinht@comcast.net,Russia
643,Betty,Gibson,bgibsonhu@furl.net,China
644,Alice,Hill,ahillhv@va.gov,United Kingdom
645,James,Chapman,jchapmanhw@devhub.com,Indonesia
646,Amanda,Morris,amorrishx@unblog.fr,Indonesia
647,Paul,Parker,pparkerhy@umn.edu,Kuwait
648,Diane,George,dgeorgehz@parallels.com,Brazil
649,Shawn,Alexander,salexanderi0@marriott.com,Poland
650,Virginia,Reid,vreidi1@infoseek.co.jp,Croatia
651,Lisa,Bryant,lbryanti2@cisco.com,Vietnam
652,Ann,Harrison,aharrisoni3@stumbleupon.com,Thailand
653,Alice,Dunn,adunni4@pcworld.com,Sweden
654,Maria,Gray,mgrayi5@columbia.edu,Peru
655,Dorothy,Flores,dfloresi6@blinklist.com,Sweden
656,Julie,Elliott,jelliotti7@nymag.com,Morocco
657,Joshua,Hart,jharti8@dmoz.org,South Africa
658,Bruce,White,bwhitei9@furl.net,France
659,Brian,Palmer,bpalmeria@arstechnica.com,Egypt
660,Judy,Austin,jaustinib@over-blog.com,China
661,Louis,Davis,ldavisic@merriam-webster.com,Mexico
662,Alice,Baker,abakerid@drupal.org,Ethiopia
663,Louis,Morris,lmorrisie@artisteer.com,Poland
664,Frank,Cole,fcoleif@weather.com,Yemen
665,Walter,Rice,wriceig@hostgator.com,France
666,Thomas,Burton,tburtonih@fastcompany.com,Botswana
667,Harry,Palmer,hpalmerii@imgur.com,Brazil
668,Stephen,Welch,swelchij@loc.gov,China
669,Christina,Mcdonald,cmcdonaldik@domainmarket.com,Philippines
670,Nicholas,Berry,nberryil@4shared.com,Brazil
671,Lois,Grant,lgrantim@reuters.com,Thailand
672,Daniel,Wright,dwrightin@nifty.com,Brazil
673,Brandon,Turner,bturnerio@imageshack.us,China
674,Samuel,Meyer,smeyerip@tinyurl.com,Lesotho
675,Annie,Ramirez,aramireziq@digg.com,Thailand
676,Peter,Ellis,pellisir@sitemeter.com,China
677,Lawrence,Sims,lsimsis@tuttocitta.it,South Africa
678,Kenneth,Ortiz,kortizit@t.co,Greece
679,Todd,Myers,tmyersiu@amazon.co.jp,Israel
680,Harry,Riley,hrileyiv@reference.com,Japan
681,Timothy,Cox,tcoxiw@weebly.com,Serbia
682,Andrea,Watson,awatsonix@imgur.com,Vietnam
683,Joan,Jones,jjonesiy@google.ca,Iran
684,Kelly,Hernandez,khernandeziz@freewebs.com,United States
685,Eric,Perkins,eperkinsj0@tamu.edu,Morocco
686,Linda,Sanders,lsandersj1@oracle.com,China
687,Ruby,Stephens,rstephensj2@trellian.com,Canada
688,Janice,Franklin,jfranklinj3@java.com,Russia
689,Stephanie,Fernandez,sfernandezj4@liveinternet.ru,Philippines
690,Brandon,Ellis,bellisj5@bbc.co.uk,Egypt
691,Kathy,Nguyen,knguyenj6@yolasite.com,Czech Republic
692,Michael,Knight,mknightj7@facebook.com,Ukraine
693,Joyce,Fuller,jfullerj8@diigo.com,Honduras
694,Thomas,Moreno,tmorenoj9@constantcontact.com,Haiti
695,Michael,Jordan,mjordanja@vk.com,Syria
696,Ralph,Murphy,rmurphyjb@china.com.cn,South Korea
697,Jennifer,Wallace,jwallacejc@amazon.de,Indonesia
698,Ronald,Adams,radamsjd@blinklist.com,Poland
699,Edward,Fowler,efowlerje@multiply.com,Costa Rica
700,Catherine,Bryant,cbryantjf@home.pl,Brazil
701,Janice,Woods,jwoodsjg@apache.org,Indonesia
702,Amy,Bailey,abaileyjh@europa.eu,China
703,Julia,Williams,jwilliamsji@ow.ly,South Africa
704,Ashley,Stanley,astanleyjj@state.gov,Poland
705,Kenneth,Campbell,kcampbelljk@blog.com,France
706,Janet,Robertson,jrobertsonjl@google.cn,France
707,Harry,Garcia,hgarciajm@dyndns.org,Philippines
708,Donna,Carroll,dcarrolljn@privacy.gov.au,Indonesia
709,Jonathan,Moreno,jmorenojo@bigcartel.com,Indonesia
710,Dennis,Vasquez,dvasquezjp@java.com,Saudi Arabia
711,Lois,Gibson,lgibsonjq@blog.com,Sweden
712,Carlos,Campbell,ccampbelljr@flickr.com,Luxembourg
713,James,Scott,jscottjs@bizjournals.com,China
714,Jeffrey,Bradley,jbradleyjt@goo.ne.jp,Poland
715,Diane,Holmes,dholmesju@dagondesign.com,Indonesia
716,Frances,Moreno,fmorenojv@sogou.com,Portugal
717,Sharon,Evans,sevansjw@ebay.com,Armenia
718,Mildred,Mcdonald,mmcdonaldjx@time.com,Russia
719,Richard,Stevens,rstevensjy@europa.eu,Peru
720,Rebecca,Griffin,rgriffinjz@github.com,Iran
721,Cheryl,Hunt,chuntk0@google.pl,Albania
722,Judy,Tucker,jtuckerk1@vistaprint.com,Brazil
723,Thomas,Myers,tmyersk2@tmall.com,Philippines
724,Maria,Snyder,msnyderk3@mapy.cz,Tunisia
725,Ashley,Spencer,aspencerk4@plala.or.jp,Morocco
726,Philip,Mason,pmasonk5@yolasite.com,Tunisia
727,Jeremy,Perkins,jperkinsk6@oakley.com,United States
728,Willie,Day,wdayk7@instagram.com,China
729,Janice,Peterson,jpetersonk8@kickstarter.com,Indonesia
730,Samuel,Hughes,shughesk9@netlog.com,Russia
731,Brian,Oliver,boliverka@yolasite.com,Portugal
732,Denise,Henderson,dhendersonkb@netscape.com,Russia
733,Eric,Davis,edaviskc@seesaa.net,Benin
734,Brandon,Gonzalez,bgonzalezkd@php.net,China
735,Tina,Williams,twilliamske@mtv.com,Indonesia
736,Debra,Lane,dlanekf@yahoo.co.jp,Indonesia
737,Gary,Jackson,gjacksonkg@alexa.com,Canada
738,Judy,Murphy,jmurphykh@psu.edu,Sweden
739,John,Hamilton,jhamiltonki@statcounter.com,Mexico
740,Ralph,Cunningham,rcunninghamkj@imdb.com,Australia
741,Wanda,Franklin,wfranklinkk@cam.ac.uk,Indonesia
742,Lisa,Morgan,lmorgankl@arizona.edu,China
743,Clarence,Kim,ckimkm@devhub.com,Indonesia
744,Sandra,Green,sgreenkn@ifeng.com,Brazil
745,Mark,Hawkins,mhawkinsko@twitter.com,China
746,Nicholas,Porter,nporterkp@edublogs.org,Indonesia
747,Martin,Foster,mfosterkq@cargocollective.com,South Africa
748,Tammy,Sanders,tsanderskr@macromedia.com,China
749,Teresa,Collins,tcollinsks@princeton.edu,China
750,Dorothy,Gonzales,dgonzaleskt@youtube.com,China
751,Robin,Patterson,rpattersonku@technorati.com,China
752,Kenneth,Wright,kwrightkv@timesonline.co.uk,Vietnam
753,Joan,Nichols,jnicholskw@unc.edu,United States
754,Evelyn,Jackson,ejacksonkx@topsy.com,Sweden
755,Matthew,Murphy,mmurphyky@hostgator.com,Portugal
756,Kathryn,Armstrong,karmstrongkz@hc360.com,Philippines
757,Debra,Cooper,dcooperl0@studiopress.com,Russia
758,Margaret,Pierce,mpiercel1@cdbaby.com,China
759,Ernest,Nguyen,enguyenl2@nps.gov,Indonesia
760,Kevin,Perry,kperryl3@aboutads.info,Brazil
761,Theresa,West,twestl4@baidu.com,China
762,Robin,Fox,rfoxl5@csmonitor.com,China
763,Brenda,Allen,ballenl6@acquirethisname.com,Ukraine
764,Matthew,Young,myoungl7@wsj.com,Russia
765,Jessica,Morris,jmorrisl8@tmall.com,Mauritius
766,Ronald,Parker,rparkerl9@walmart.com,Jordan
767,Kathryn,Frazier,kfrazierla@free.fr,Portugal
768,Deborah,Jacobs,djacobslb@smh.com.au,Sweden
769,Ruby,Gray,rgraylc@abc.net.au,China
770,Dorothy,Fisher,dfisherld@exblog.jp,New Zealand
771,Sarah,White,swhitele@rambler.ru,Iran
772,Mary,Murphy,mmurphylf@is.gd,Russia
773,Kimberly,Henry,khenrylg@cnn.com,Indonesia
774,Helen,Perez,hperezlh@github.com,Indonesia
775,Robert,Gutierrez,rgutierrezli@issuu.com,Indonesia
776,Christina,Wells,cwellslj@hao123.com,Malaysia
777,Cynthia,Snyder,csnyderlk@pbs.org,Indonesia
778,Anthony,Bailey,abaileyll@360.cn,China
779,Shawn,Powell,spowelllm@google.cn,Philippines
780,Kimberly,Brooks,kbrooksln@sciencedirect.com,France
781,Kevin,Knight,kknightlo@dagondesign.com,Indonesia
782,Pamela,Willis,pwillislp@techcrunch.com,China
783,Jimmy,Lewis,jlewislq@gnu.org,China
784,Julie,Williams,jwilliamslr@opera.com,Indonesia
785,Donald,Burton,dburtonls@facebook.com,Poland
786,Chris,Jackson,cjacksonlt@cdbaby.com,France
787,Jonathan,Grant,jgrantlu@myspace.com,Indonesia
788,Russell,Simpson,rsimpsonlv@ebay.co.uk,China
789,Louis,Turner,lturnerlw@mit.edu,Iran
790,James,Howard,jhowardlx@vinaora.com,Indonesia
791,Mildred,Kelly,mkellyly@apple.com,Finland
792,Fred,Jenkins,fjenkinslz@google.com.au,China
793,Matthew,Arnold,marnoldm0@reverbnation.com,Canada
794,Lawrence,Martin,lmartinm1@friendfeed.com,Bangladesh
795,Carol,Carroll,ccarrollm2@github.com,Indonesia
796,Justin,Greene,jgreenem3@nationalgeographic.com,United States
797,Paul,Ryan,pryanm4@ucoz.com,Indonesia
798,Cheryl,Banks,cbanksm5@cnet.com,Greece
799,Rebecca,Martinez,rmartinezm6@hibu.com,Russia
800,Shawn,Cruz,scruzm7@ustream.tv,Papua New Guinea
801,Brenda,Phillips,bphillipsm8@hp.com,Russia
802,Tina,Porter,tporterm9@prnewswire.com,Spain
803,Michelle,Watson,mwatsonma@nasa.gov,Armenia
804,Jack,Griffin,jgriffinmb@themeforest.net,Japan
805,Ruth,Jenkins,rjenkinsmc@bizjournals.com,Japan
806,Betty,Roberts,brobertsmd@businessinsider.com,China
807,Betty,Black,bblackme@blogs.com,China
808,Jeremy,Lopez,jlopezmf@cdbaby.com,Sweden
809,Linda,Castillo,lcastillomg@twitpic.com,Philippines
810,Theresa,Cunningham,tcunninghammh@topsy.com,China
811,Michael,Owens,mowensmi@goodreads.com,China
812,Terry,Chavez,tchavezmj@google.cn,Indonesia
813,Margaret,Franklin,mfranklinmk@yahoo.com,China
814,Sandra,Rivera,sriveraml@twitpic.com,Colombia
815,Larry,Oliver,lolivermm@salon.com,Indonesia
816,Elizabeth,Cunningham,ecunninghammn@craigslist.org,Philippines
817,Gloria,Williamson,gwilliamsonmo@imdb.com,China
818,Thomas,Fowler,tfowlermp@google.ca,Portugal
819,Judith,Bell,jbellmq@cdc.gov,China
820,Jacqueline,Watson,jwatsonmr@google.com,China
821,Frank,Mason,fmasonms@tumblr.com,Indonesia
822,Michelle,Gutierrez,mgutierrezmt@jimdo.com,Russia
823,Clarence,Harper,charpermu@jigsy.com,Poland
824,Anna,Gilbert,agilbertmv@wikispaces.com,China
825,Kathleen,Bradley,kbradleymw@bandcamp.com,Kenya
826,Jacqueline,Gomez,jgomezmx@theatlantic.com,South Africa
827,Marilyn,Woods,mwoodsmy@howstuffworks.com,Brazil
828,Christina,Ross,crossmz@squidoo.com,Ukraine
829,Donald,Snyder,dsnydern0@adobe.com,Russia
830,Joe,Boyd,jboydn1@gravatar.com,China
831,Norma,Wright,nwrightn2@youku.com,China
832,James,Medina,jmedinan3@boston.com,Mongolia
833,Annie,Fisher,afishern4@dot.gov,Dominican Republic
834,Antonio,Sullivan,asullivann5@fema.gov,Belarus
835,Louise,Harvey,lharveyn6@addthis.com,China
836,Michael,Rose,mrosen7@usda.gov,Indonesia
837,Ronald,Pierce,rpiercen8@tiny.cc,China
838,Ruby,Bennett,rbennettn9@usda.gov,United States
839,Nancy,Wood,nwoodna@wordpress.org,Sweden
840,Fred,Campbell,fcampbellnb@blinklist.com,South Africa
841,Robin,Morris,rmorrisnc@usgs.gov,French Guiana
842,Janet,Harper,jharpernd@twitter.com,China
843,Kevin,Coleman,kcolemanne@skyrock.com,China
844,Jeremy,Hudson,jhudsonnf@naver.com,United States
845,Tina,Chavez,tchavezng@geocities.com,China
846,Jeremy,Stewart,jstewartnh@biglobe.ne.jp,Russia
847,Ruby,Larson,rlarsonni@dagondesign.com,France
848,Albert,Schmidt,aschmidtnj@house.gov,Indonesia
849,Ralph,Gonzalez,rgonzaleznk@purevolume.com,Bulgaria
850,Terry,Carr,tcarrnl@vinaora.com,Indonesia
851,John,Ferguson,jfergusonnm@businessweek.com,Denmark
852,Todd,Miller,tmillernn@zimbio.com,El Salvador
853,Clarence,Ross,crossno@blogspot.com,Philippines
854,Barbara,Price,bpricenp@fastcompany.com,China
855,Lori,Carter,lcarternq@mediafire.com,China
856,Christopher,Holmes,cholmesnr@kickstarter.com,Czech Republic
857,Roy,Jenkins,rjenkinsns@umn.edu,South Africa
858,Timothy,Kelley,tkelleynt@hostgator.com,China
859,Nicole,Burke,nburkenu@google.es,China
860,Paul,Bowman,pbowmannv@nps.gov,Philippines
861,Jane,Mills,jmillsnw@unc.edu,Philippines
862,Joan,Ramos,jramosnx@is.gd,Portugal
863,Rose,Moore,rmooreny@trellian.com,Albania
864,Julie,Fernandez,jfernandeznz@squidoo.com,Sweden
865,Randy,Phillips,rphillipso0@time.com,China
866,Christina,Weaver,cweavero1@usgs.gov,Poland
867,Timothy,Myers,tmyerso2@exblog.jp,Malaysia
868,Paula,Mcdonald,pmcdonaldo3@yahoo.com,China
869,Amanda,Gomez,agomezo4@blinklist.com,Libya
870,Sean,Webb,swebbo5@shop-pro.jp,Brazil
871,Russell,Powell,rpowello6@mac.com,United States
872,Kelly,Williams,kwilliamso7@smugmug.com,Japan
873,Linda,Franklin,lfranklino8@kickstarter.com,Indonesia
874,Timothy,Watkins,twatkinso9@is.gd,Indonesia
875,Christina,Armstrong,carmstrongoa@nyu.edu,United States
876,Gary,Hunt,ghuntob@phpbb.com,China
877,Carolyn,Turner,cturneroc@aol.com,China
878,Douglas,Smith,dsmithod@topsy.com,Guatemala
879,Carol,Palmer,cpalmeroe@engadget.com,Czech Republic
880,Irene,Ramos,iramosof@live.com,Peru
881,Raymond,Morgan,rmorganog@aboutads.info,Bulgaria
882,Susan,Henderson,shendersonoh@vistaprint.com,United States
883,Irene,West,iwestoi@1und1.de,China
884,Betty,Holmes,bholmesoj@printfriendly.com,Russia
885,Kelly,Holmes,kholmesok@bloomberg.com,China
886,Sara,Burton,sburtonol@devhub.com,Russia
887,Antonio,Robinson,arobinsonom@apple.com,Philippines
888,Steve,Simmons,ssimmonson@mashable.com,Poland
889,Joan,Ward,jwardoo@buzzfeed.com,Peru
890,Arthur,Webb,awebbop@omniture.com,Philippines
891,Philip,Peterson,ppetersonoq@china.com.cn,Cameroon
892,Ryan,Nelson,rnelsonor@a8.net,China
893,Henry,Reyes,hreyesos@loc.gov,Mali
894,Kathleen,Castillo,kcastilloot@purevolume.com,Russia
895,Amy,Anderson,aandersonou@exblog.jp,China
896,Marie,Lewis,mlewisov@harvard.edu,China
897,Bruce,Wagner,bwagnerow@prnewswire.com,China
898,Steve,Moreno,smorenoox@go.com,Indonesia
899,Adam,Cook,acookoy@auda.org.au,Portugal
900,Timothy,Meyer,tmeyeroz@chicagotribune.com,United States
901,Ernest,Rice,ericep0@jigsy.com,France
902,Albert,Davis,adavisp1@xinhuanet.com,Indonesia
903,John,Stewart,jstewartp2@macromedia.com,Czech Republic
904,Stephanie,Carter,scarterp3@archive.org,China
905,Kelly,Phillips,kphillipsp4@scientificamerican.com,Russia
906,Antonio,Gilbert,agilbertp5@soundcloud.com,Indonesia
907,Jesse,James,jjamesp6@cornell.edu,United States
908,Jean,Bowman,jbowmanp7@ovh.net,Canada
909,Norma,Gibson,ngibsonp8@hatena.ne.jp,Argentina
910,Benjamin,Fisher,bfisherp9@bigcartel.com,Finland
911,Alice,Mitchell,amitchellpa@fda.gov,Indonesia
912,Karen,Carroll,kcarrollpb@tamu.edu,Russia
913,Dorothy,Hamilton,dhamiltonpc@abc.net.au,Slovenia
914,Larry,Morrison,lmorrisonpd@squarespace.com,China
915,Clarence,Banks,cbankspe@umn.edu,Poland
916,Wayne,Fox,wfoxpf@seattletimes.com,Indonesia
917,Robert,Weaver,rweaverpg@hhs.gov,Serbia
918,Shirley,Barnes,sbarnesph@bandcamp.com,France
919,Scott,Morris,smorrispi@hugedomains.com,Indonesia
920,Marie,Snyder,msnyderpj@a8.net,Indonesia
921,Barbara,Hansen,bhansenpk@noaa.gov,Philippines
922,Nancy,White,nwhitepl@webeden.co.uk,Peru
923,Kenneth,Hunt,khuntpm@wix.com,Philippines
924,Lori,Brown,lbrownpn@posterous.com,China
925,Marilyn,Henderson,mhendersonpo@angelfire.com,Marshall Islands
926,Shawn,Lane,slanepp@globo.com,Slovenia
927,Larry,Murray,lmurraypq@networksolutions.com,Chile
928,Ralph,Anderson,randersonpr@huffingtonpost.com,Japan
929,Justin,Harrison,jharrisonps@patch.com,Portugal
930,Howard,Ferguson,hfergusonpt@hibu.com,Indonesia
931,Sandra,Ortiz,sortizpu@kickstarter.com,Portugal
932,Joe,Mason,jmasonpv@nyu.edu,France
933,Eric,Powell,epowellpw@pagesperso-orange.fr,Russia
934,Susan,Richardson,srichardsonpx@discuz.net,Armenia
935,Daniel,Miller,dmillerpy@goo.gl,Japan
936,Ann,White,awhitepz@alexa.com,China
937,Daniel,Jackson,djacksonq0@prweb.com,Madagascar
938,Earl,Reid,ereidq1@wix.com,Thailand
939,Patrick,Roberts,probertsq2@deviantart.com,Russia
940,Steven,Scott,sscottq3@smh.com.au,Poland
941,Walter,Alexander,walexanderq4@shop-pro.jp,Philippines
942,Martin,Spencer,mspencerq5@amazon.de,Morocco
943,Gregory,Murphy,gmurphyq6@livejournal.com,United States
944,Phillip,Simmons,psimmonsq7@diigo.com,China
945,Sandra,Reid,sreidq8@unblog.fr,Indonesia
946,Willie,Nelson,wnelsonq9@uiuc.edu,Germany
947,Joan,Adams,jadamsqa@friendfeed.com,United States
948,Charles,Alexander,calexanderqb@amazon.co.uk,China
949,David,Simmons,dsimmonsqc@ucla.edu,China
950,Benjamin,Stevens,bstevensqd@php.net,Iran
951,Gregory,Kennedy,gkennedyqe@hubpages.com,Indonesia
952,Jeremy,Martinez,jmartinezqf@vk.com,China
953,Bruce,Schmidt,bschmidtqg@google.com.br,Indonesia
954,Christopher,Reyes,creyesqh@bloglovin.com,Brazil
955,Cynthia,Ray,crayqi@youtu.be,Morocco
956,Louis,Kelley,lkelleyqj@yale.edu,Russia
957,Kevin,Ross,krossqk@is.gd,China
958,Louis,Johnson,ljohnsonql@cnbc.com,Indonesia
959,George,Ray,grayqm@flavors.me,Poland
960,Phyllis,Hughes,phughesqn@tiny.cc,Sweden
961,Antonio,Wagner,awagnerqo@apache.org,Slovenia
962,Harry,Burke,hburkeqp@bluehost.com,Moldova
963,Shawn,Olson,solsonqq@vistaprint.com,Armenia
964,Anne,Morgan,amorganqr@wikia.com,Brazil
965,Randy,Berry,rberryqs@w3.org,Russia
966,Andrew,Thompson,athompsonqt@nih.gov,China
967,Pamela,Shaw,pshawqu@ebay.co.uk,France
968,Heather,Lewis,hlewisqv@prweb.com,Luxembourg
969,Carolyn,Riley,crileyqw@eepurl.com,Indonesia
970,Billy,Duncan,bduncanqx@deviantart.com,China
971,Adam,Payne,apayneqy@example.com,Colombia
972,Earl,Johnston,ejohnstonqz@tmall.com,Russia
973,Lillian,Robertson,lrobertsonr0@cdc.gov,Brazil
974,Ernest,Lopez,elopezr1@weebly.com,China
975,Marilyn,Fields,mfieldsr2@spotify.com,Czech Republic
976,Billy,Roberts,brobertsr3@mapy.cz,Russia
977,Kenneth,Banks,kbanksr4@google.com.br,Indonesia
978,Debra,Gibson,dgibsonr5@amazon.de,Nigeria
979,Tina,Cooper,tcooperr6@ycombinator.com,Democratic Republic of the Congo
980,Willie,Banks,wbanksr7@wikia.com,Indonesia
981,Richard,Nelson,rnelsonr8@tuttocitta.it,Japan
982,Christina,Wagner,cwagnerr9@twitpic.com,Russia
983,Amy,Bennett,abennettra@yale.edu,Peru
984,Sharon,Harvey,sharveyrb@foxnews.com,China
985,Michael,Hunt,mhuntrc@aol.com,Honduras
986,Michael,Coleman,mcolemanrd@dailymotion.com,Philippines
987,Janice,Reid,jreidre@msn.com,American Samoa
988,Nicholas,Warren,nwarrenrf@google.ru,Portugal
989,Ernest,Peterson,epetersonrg@comcast.net,Philippines
990,Jennifer,Coleman,jcolemanrh@wiley.com,Russia
991,Henry,Allen,hallenri@joomla.org,Indonesia
992,Carolyn,Payne,cpaynerj@loc.gov,China
993,Deborah,Tucker,dtuckerrk@netvibes.com,Croatia
994,Deborah,Stewart,dstewartrl@bing.com,France
995,Howard,Ellis,hellisrm@scientificamerican.com,Philippines
996,Wanda,West,wwestrn@businessinsider.com,China
997,Lillian,Hudson,lhudsonro@vinaora.com,Ethiopia
998,Craig,Ryan,cryanrp@nationalgeographic.com,Germany
999,Clarence,Ramirez,cramirezrq@sbwire.com,Czech Republic
1000,Terry,Sanchez,tsanchezrr@addthis.com,France
